Date,Price,Volume
2015-08-07,2.77,164329.00
2015-08-08,0.75,674188.00
2015-08-09,0.70,532170.00
2015-08-10,0.71,405283.00
2015-08-11,1.07,1463100.00
2015-08-12,1.22,2150620.00
2015-08-13,1.83,4068680.00
2015-08-14,1.83,4637030.00
2015-08-15,1.69,2554360.00
2015-08-16,1.57,3550790.00
2015-08-17,1.20,1942830.00
2015-08-18,1.09,1485680.00
2015-08-19,1.26,1486240.00
2015-08-20,1.46,2843760.00
2015-08-21,1.40,2020970.00
2015-08-22,1.38,948310.00
2015-08-23,1.35,1589300.00
2015-08-24,1.23,924920.00
2015-08-25,1.14,1307180.00
2015-08-26,1.16,1056750.00
2015-08-27,1.15,686662.00
2015-08-28,1.19,721872.00
2015-08-29,1.18,375377.00
2015-08-30,1.32,1337650.00
2015-08-31,1.36,1447180.00
2015-09-01,1.35,778862.00
2015-09-02,1.29,883769.00
2015-09-03,1.26,702991.00
2015-09-04,1.27,474391.00
2015-09-05,1.34,448453.00
2015-09-06,1.30,491968.00
2015-09-07,1.25,489014.00
2015-09-08,1.24,427892.00
2015-09-09,1.21,366748.00
2015-09-10,1.17,662782.00
2015-09-11,0.98,1942600.00
2015-09-12,1.04,772430.00
2015-09-13,0.94,644138.00
2015-09-14,0.88,741085.00
2015-09-15,0.94,703390.00
2015-09-16,0.91,615593.00
2015-09-17,0.87,897940.00
2015-09-18,0.85,484622.00
2015-09-19,0.88,386988.00
2015-09-20,0.94,508314.00
2015-09-21,0.92,424039.00
2015-09-22,0.90,487914.00
2015-09-23,0.89,200541.00
2015-09-24,0.81,842505.00
2015-09-25,0.74,903457.00
2015-09-26,0.79,369620.00
2015-09-27,0.72,413801.00
2015-09-28,0.58,1320890.00
2015-09-29,0.66,913992.00
2015-09-30,0.74,619926.00
2015-10-01,0.69,596084.00
2015-10-02,0.68,219318.00
2015-10-03,0.69,163326.00
2015-10-04,0.67,103497.00
2015-10-05,0.63,234263.00
2015-10-06,0.65,262674.00
2015-10-07,0.61,218327.00
2015-10-08,0.62,310266.00
2015-10-09,0.65,386420.00
2015-10-10,0.63,141555.00
2015-10-11,0.63,102128.00
2015-10-12,0.63,109567.00
2015-10-13,0.61,303044.00
2015-10-14,0.52,971664.00
2015-10-15,0.56,371022.00
2015-10-16,0.54,249891.00
2015-10-17,0.55,313860.00
2015-10-18,0.52,133690.00
2015-10-19,0.49,243742.00
2015-10-20,0.43,383921.00
2015-10-21,0.45,609085.00
2015-10-22,0.57,924822.00
2015-10-23,0.54,878822.00
2015-10-24,0.56,258356.00
2015-10-25,0.62,635384.00
2015-10-26,0.73,1089120.00
2015-10-27,0.87,1846370.00
2015-10-28,1.00,2373050.00
2015-10-29,1.21,2279240.00
2015-10-30,1.04,2429200.00
2015-10-31,0.92,673892.00
2015-11-01,1.06,588913.00
2015-11-02,0.99,1145200.00
2015-11-03,1.01,1907690.00
2015-11-04,0.90,3060340.00
2015-11-05,0.90,1179840.00
2015-11-06,0.93,913666.00
2015-11-07,0.93,890187.00
2015-11-08,1.03,1021460.00
2015-11-09,1.00,2045290.00
2015-11-10,0.93,854581.00
2015-11-11,0.79,1278580.00
2015-11-12,0.90,806156.00
2015-11-13,0.90,543671.00
2015-11-14,0.89,372514.00
2015-11-15,0.91,411848.00
2015-11-16,0.93,620945.00
2015-11-17,1.01,1145440.00
2015-11-18,0.99,681104.00
2015-11-19,0.96,443528.00
2015-11-20,0.92,614335.00
2015-11-21,0.98,455976.00
2015-11-22,0.97,372173.00
2015-11-23,0.95,441875.00
2015-11-24,0.90,524195.00
2015-11-25,0.86,622991.00
2015-11-26,0.88,947473.00
2015-11-27,0.87,403813.00
2015-11-28,0.92,462464.00
2015-11-29,0.88,448358.00
2015-11-30,0.87,784439.00
2015-12-01,0.87,652857.00
2015-12-02,0.82,506307.00
2015-12-03,0.81,539969.00
2015-12-04,0.84,241278.00
2015-12-05,0.86,232743.00
2015-12-06,0.84,443608.00
2015-12-07,0.81,520409.00
2015-12-08,0.82,445903.00
2015-12-09,0.79,624221.00
2015-12-10,0.84,369589.00
2015-12-11,0.93,801072.00
2015-12-12,0.98,1376280.00
2015-12-13,0.95,273614.00
2015-12-14,0.99,563436.00
2015-12-15,1.01,578618.00
2015-12-16,0.99,320767.00
2015-12-17,0.94,640765.00
2015-12-18,0.92,300787.00
2015-12-19,0.91,343535.00
2015-12-20,0.90,472164.00
2015-12-21,0.90,549113.00
2015-12-22,0.86,454249.00
2015-12-23,0.86,334993.00
2015-12-24,0.86,354646.00
2015-12-25,0.87,187114.00
2015-12-26,0.85,425282.00
2015-12-27,0.86,164565.00
2015-12-28,0.85,235134.00
2015-12-29,0.87,215742.00
2015-12-30,0.91,604078.00
2015-12-31,0.93,663994.00
2016-01-01,0.95,206062.00
2016-01-02,0.94,255504.00
2016-01-03,0.97,407632.00
2016-01-04,0.95,346245.00
2016-01-05,0.95,219833.00
2016-01-06,0.95,308791.00
2016-01-07,0.94,647462.00
2016-01-08,0.99,545600.00
2016-01-09,0.99,226281.00
2016-01-10,1.00,390888.00
2016-01-11,1.06,1011920.00
2016-01-12,1.14,2898760.00
2016-01-13,1.13,1005910.00
2016-01-14,1.19,751961.00
2016-01-15,1.21,3910550.00
2016-01-16,1.22,2462630.00
2016-01-17,1.33,1171150.00
2016-01-18,1.43,4278930.00
2016-01-19,1.37,2446740.00
2016-01-20,1.53,2933220.00
2016-01-21,1.55,1614960.00
2016-01-22,1.50,1567240.00
2016-01-23,1.97,7370980.00
2016-01-24,2.14,9669770.00
2016-01-25,2.50,10739300.00
2016-01-26,2.28,13939200.00
2016-01-27,2.39,6961080.00
2016-01-28,2.53,4903850.00
2016-01-29,2.49,6662340.00
2016-01-30,2.45,3725080.00
2016-01-31,2.31,5847500.00
2016-02-01,2.21,3994100.00
2016-02-02,2.44,3451270.00
2016-02-03,2.53,3987750.00
2016-02-04,2.58,3552320.00
2016-02-05,2.54,2636700.00
2016-02-06,2.53,1921240.00
2016-02-07,2.96,7007060.00
2016-02-08,3.18,9725690.00
2016-02-09,4.04,17954000.00
2016-02-10,4.44,28640400.00
2016-02-11,6.01,26408200.00
2016-02-12,5.55,23360800.00
2016-02-13,5.39,24218800.00
2016-02-14,5.24,11226500.00
2016-02-15,5.29,13934200.00
2016-02-16,4.32,15889100.00
2016-02-17,3.76,15451000.00
2016-02-18,4.40,17054000.00
2016-02-19,4.74,7666320.00
2016-02-20,4.34,8631090.00
2016-02-21,4.65,6413550.00
2016-02-22,5.62,15056200.00
2016-02-23,5.59,13380600.00
2016-02-24,6.24,11426500.00
2016-02-25,6.10,21471800.00
2016-02-26,5.92,9526860.00
2016-02-27,6.43,8903210.00
2016-02-28,6.47,9851660.00
2016-02-29,6.34,7648020.00
2016-03-01,7.65,23098100.00
2016-03-02,8.47,29130200.00
2016-03-03,9.29,40314900.00
2016-03-04,10.41,35520100.00
2016-03-05,11.00,56439600.00
2016-03-06,11.38,39112000.00
2016-03-07,9.55,34085100.00
2016-03-08,9.85,25524300.00
2016-03-09,11.90,27540500.00
2016-03-10,11.31,26851500.00
2016-03-11,11.08,21002700.00
2016-03-12,13.53,48957300.00
2016-03-13,14.48,43915100.00
2016-03-14,12.45,58385100.00
2016-03-15,13.01,28404500.00
2016-03-16,12.52,24335500.00
2016-03-17,11.08,41650600.00
2016-03-18,11.00,53956800.00
2016-03-19,10.53,26735700.00
2016-03-20,10.32,17651100.00
2016-03-21,11.86,28572600.00
2016-03-22,11.27,19730300.00
2016-03-23,12.42,19353200.00
2016-03-24,11.23,26081800.00
2016-03-25,10.74,13782000.00
2016-03-26,10.97,9425480.00
2016-03-27,10.42,16744800.00
2016-03-28,11.67,23188300.00
2016-03-29,11.66,17684200.00
2016-03-30,11.95,19351200.00
2016-03-31,11.40,14966700.00
2016-04-01,11.66,11373100.00
2016-04-02,11.60,8682620.00
2016-04-03,11.62,5580550.00
2016-04-04,11.16,9599070.00
2016-04-05,10.44,20557300.00
2016-04-06,10.69,16997100.00
2016-04-07,10.07,13464500.00
2016-04-08,9.72,14660600.00
2016-04-09,9.15,16194800.00
2016-04-10,8.94,42613400.00
2016-04-11,8.64,15138100.00
2016-04-12,7.44,23190100.00
2016-04-13,8.04,31403300.00
2016-04-14,8.39,13590700.00
2016-04-15,8.24,12179000.00
2016-04-16,8.61,9888460.00
2016-04-17,9.31,24619600.00
2016-04-18,9.04,21084100.00
2016-04-19,8.71,12899100.00
2016-04-20,8.47,15634700.00
2016-04-21,8.10,13355400.00
2016-04-22,7.82,13309300.00
2016-04-23,8.29,14565200.00
2016-04-24,8.00,10786400.00
2016-04-25,7.55,18239900.00
2016-04-26,7.40,17667300.00
2016-04-27,7.76,19254500.00
2016-04-28,7.17,11576000.00
2016-04-29,7.46,8762080.00
2016-04-30,8.81,36573300.00
2016-05-01,8.85,16713800.00
2016-05-02,10.16,41019200.00
2016-05-03,9.31,21463900.00
2016-05-04,9.41,17622400.00
2016-05-05,9.83,18296200.00
2016-05-06,9.35,21510600.00
2016-05-07,9.37,10806500.00
2016-05-08,9.48,15031000.00
2016-05-09,9.30,13085300.00
2016-05-10,9.36,9321790.00
2016-05-11,10.00,15267500.00
2016-05-12,10.06,24137700.00
2016-05-13,10.51,31276900.00
2016-05-14,10.24,18808000.00
2016-05-15,9.96,9218400.00
2016-05-16,11.17,29079900.00
2016-05-17,12.20,37198700.00
2016-05-18,13.56,65389900.00
2016-05-19,14.77,53757500.00
2016-05-20,13.64,50544100.00
2016-05-21,14.02,24648400.00
2016-05-22,14.29,17938900.00
2016-05-23,13.46,23842800.00
2016-05-24,12.73,41560600.00
2016-05-25,12.53,27444700.00
2016-05-26,12.43,20764000.00
2016-05-27,11.30,57496400.00
2016-05-28,11.89,47274800.00
2016-05-29,12.35,28598400.00
2016-05-30,12.73,14733800.00
2016-05-31,14.08,42433400.00
2016-06-01,14.00,22471300.00
2016-06-02,13.74,10477200.00
2016-06-03,13.85,22981500.00
2016-06-04,13.74,15792400.00
2016-06-05,13.98,11088400.00
2016-06-06,13.93,8720400.00
2016-06-07,14.51,21421600.00
2016-06-08,14.42,16941800.00
2016-06-09,14.40,8256830.00
2016-06-10,13.91,11312900.00
2016-06-11,14.19,12176500.00
2016-06-12,15.74,38210300.00
2016-06-13,17.60,38023400.00
2016-06-14,18.89,64412200.00
2016-06-15,18.35,19393400.00
2016-06-16,20.59,38531000.00
2016-06-17,15.38,199408000.00
2016-06-18,11.33,133937000.00
2016-06-19,12.23,69783600.00
2016-06-20,11.84,58143600.00
2016-06-21,13.31,69245600.00
2016-06-22,13.10,96994096.00
2016-06-23,13.68,30806400.00
2016-06-24,14.33,33332900.00
2016-06-25,14.28,15383100.00
2016-06-26,13.85,14747600.00
2016-06-27,13.88,10994700.00
2016-06-28,12.18,43436600.00
2016-06-29,12.61,26982800.00
2016-06-30,12.46,15801300.00
2016-07-01,12.20,17236500.00
2016-07-02,12.13,8987070.00
2016-07-03,11.72,10588700.00
2016-07-04,11.47,12943500.00
2016-07-05,10.61,45526900.00
2016-07-06,10.53,18137300.00
2016-07-07,10.11,15407200.00
2016-07-08,11.39,20039800.00
2016-07-09,10.97,17254800.00
2016-07-10,10.95,5479240.00
2016-07-11,10.46,13098000.00
2016-07-12,10.52,11127700.00
2016-07-13,10.50,6715660.00
2016-07-14,11.51,23621900.00
2016-07-15,11.95,26838900.00
2016-07-16,11.65,10445700.00
2016-07-17,11.16,17921600.00
2016-07-18,11.03,15931900.00
2016-07-19,11.62,21730000.00
2016-07-20,12.45,60226100.00
2016-07-21,12.65,24636900.00
2016-07-22,14.66,74779504.00
2016-07-23,14.30,32489700.00
2016-07-24,12.75,77750800.00
2016-07-25,13.84,36673800.00
2016-07-26,11.99,94428800.00
2016-07-27,12.97,58278800.00
2016-07-28,12.84,24603900.00
2016-07-29,12.79,14082300.00
2016-07-30,12.46,9047810.00
2016-07-31,11.88,25441400.00
2016-08-01,10.94,23999500.00
2016-08-02,8.79,88803296.00
2016-08-03,10.29,53979400.00
2016-08-04,11.04,38151400.00
2016-08-05,10.93,15487900.00
2016-08-06,10.88,16712600.00
2016-08-07,10.91,16551000.00
2016-08-08,11.25,14956700.00
2016-08-09,12.24,36656600.00
2016-08-10,12.14,28096300.00
2016-08-11,11.69,17505000.00
2016-08-12,11.78,13690100.00
2016-08-13,11.57,7539490.00
2016-08-14,11.19,8680160.00
2016-08-15,11.22,7500840.00
2016-08-16,11.14,7051510.00
2016-08-17,10.75,8833760.00
2016-08-18,10.76,6935800.00
2016-08-19,10.75,5390850.00
2016-08-20,11.25,7443540.00
2016-08-21,11.18,4355660.00
2016-08-22,11.12,6588920.00
2016-08-23,11.03,6489380.00
2016-08-24,11.04,4423420.00
2016-08-25,11.36,8552380.00
2016-08-26,11.30,5857850.00
2016-08-27,11.15,15108400.00
2016-08-28,10.93,5303040.00
2016-08-29,10.98,8130540.00
2016-08-30,11.23,7221260.00
2016-08-31,11.67,11073700.00
2016-09-01,11.99,24051500.00
2016-09-02,12.11,9368300.00
2016-09-03,11.76,13358800.00
2016-09-04,11.68,7220550.00
2016-09-05,11.72,5724100.00
2016-09-06,11.69,6346330.00
2016-09-07,11.55,6115050.00
2016-09-08,11.35,11535000.00
2016-09-09,11.65,6109200.00
2016-09-10,12.17,7220300.00
2016-09-11,11.64,8791180.00
2016-09-12,11.89,7478080.00
2016-09-13,11.92,11704300.00
2016-09-14,11.92,5694820.00
2016-09-15,11.94,7309090.00
2016-09-16,12.56,17421500.00
2016-09-17,12.70,7446610.00
2016-09-18,12.43,22433300.00
2016-09-19,13.19,13838800.00
2016-09-20,14.43,31929100.00
2016-09-21,13.77,28645000.00
2016-09-22,13.25,27382800.00
2016-09-23,13.33,9166430.00
2016-09-24,12.88,9824880.00
2016-09-25,13.10,5283440.00
2016-09-26,12.82,7213070.00
2016-09-27,13.10,6831070.00
2016-09-28,13.27,10239000.00
2016-09-29,13.07,5990630.00
2016-09-30,13.22,5950840.00
2016-10-01,13.17,6331160.00
2016-10-02,13.20,4079660.00
2016-10-03,13.45,7458320.00
2016-10-04,13.28,8348280.00
2016-10-05,13.04,9881370.00
2016-10-06,12.85,12044800.00
2016-10-07,12.67,8933050.00
2016-10-08,12.22,11611200.00
2016-10-09,12.05,7208480.00
2016-10-10,11.76,10809200.00
2016-10-11,11.79,11727700.00
2016-10-12,11.93,9694640.00
2016-10-13,11.96,8665190.00
2016-10-14,11.94,4333510.00
2016-10-15,11.98,4991840.00
2016-10-16,11.95,3617280.00
2016-10-17,12.01,5724440.00
2016-10-18,12.59,18864200.00
2016-10-19,12.02,10576200.00
2016-10-20,12.10,8170760.00
2016-10-21,12.18,5676920.00
2016-10-22,12.07,7583820.00
2016-10-23,12.04,5774660.00
2016-10-24,11.97,5739690.00
2016-10-25,11.41,19316000.00
2016-10-26,11.53,10221800.00
2016-10-27,11.50,13255400.00
2016-10-28,11.09,13971500.00
2016-10-29,10.44,27070400.00
2016-10-30,11.18,16694900.00
2016-10-31,11.00,13393900.00
2016-11-01,10.77,22901300.00
2016-11-02,10.75,11691700.00
2016-11-03,10.80,15228600.00
2016-11-04,11.09,9958040.00
2016-11-05,11.00,5502670.00
2016-11-06,10.87,5688710.00
2016-11-07,10.81,5992480.00
2016-11-08,10.83,6258150.00
2016-11-09,10.66,14606600.00
2016-11-10,10.52,4253980.00
2016-11-11,10.29,6056300.00
2016-11-12,9.88,10052500.00
2016-11-13,10.10,8227770.00
2016-11-14,9.97,3573250.00
2016-11-15,10.22,6557550.00
2016-11-16,10.06,9533550.00
2016-11-17,9.99,6984700.00
2016-11-18,9.48,10816100.00
2016-11-19,9.66,5186540.00
2016-11-20,9.58,5173420.00
2016-11-21,9.62,3663210.00
2016-11-22,9.91,11284400.00
2016-11-23,9.84,4812310.00
2016-11-24,9.23,15987800.00
2016-11-25,9.40,7669720.00
2016-11-26,9.33,3505990.00
2016-11-27,9.00,8707660.00
2016-11-28,8.72,6046890.00
2016-11-29,8.17,17000400.00
2016-11-30,8.59,10626600.00
2016-12-01,8.45,5882340.00
2016-12-02,7.76,18579800.00
2016-12-03,7.92,12112100.00
2016-12-04,7.44,8450790.00
2016-12-05,6.82,17344500.00
2016-12-06,7.87,50671200.00
2016-12-07,8.38,22229600.00
2016-12-08,8.23,16042700.00
2016-12-09,8.45,12916300.00
2016-12-10,8.13,8108370.00
2016-12-11,8.19,5545500.00
2016-12-12,8.52,9119700.00
2016-12-13,8.42,4486190.00
2016-12-14,8.27,7337220.00
2016-12-15,7.83,13184400.00
2016-12-16,7.86,5178610.00
2016-12-17,7.88,8502620.00
2016-12-18,7.87,5890020.00
2016-12-19,7.64,5894760.00
2016-12-20,7.66,6313550.00
2016-12-21,7.91,9393550.00
2016-12-22,7.59,16376700.00
2016-12-23,7.17,19613100.00
2016-12-24,7.27,7626020.00
2016-12-25,7.18,8671840.00
2016-12-26,7.27,5836810.00
2016-12-27,7.17,8778610.00
2016-12-28,7.52,17453300.00
2016-12-29,8.28,27543800.00
2016-12-30,8.16,13909900.00
2016-12-31,7.97,9066800.00
2017-01-01,8.17,14731700.00
2017-01-02,8.38,14579600.00
2017-01-03,9.73,33625200.00
2017-01-04,11.25,41051200.00
2017-01-05,10.25,41557400.00
2017-01-06,10.25,29471800.00
2017-01-07,9.87,23153600.00
2017-01-08,10.29,16676600.00
2017-01-09,10.33,25718300.00
2017-01-10,10.55,10879700.00
2017-01-11,9.72,26823500.00
2017-01-12,9.86,30453800.00
2017-01-13,9.77,25066600.00
2017-01-14,9.65,20085800.00
2017-01-15,9.90,14837900.00
2017-01-16,9.64,14937400.00
2017-01-17,10.30,18391900.00
2017-01-18,10.23,10788200.00
2017-01-19,10.40,8347550.00
2017-01-20,10.60,10992800.00
2017-01-21,10.91,11937600.00
2017-01-22,10.70,8678620.00
2017-01-23,10.82,7267210.00
2017-01-24,10.63,8327330.00
2017-01-25,10.57,6751450.00
2017-01-26,10.59,8465020.00
2017-01-27,10.54,7189170.00
2017-01-28,10.56,6580700.00
2017-01-29,10.48,4689950.00
2017-01-30,10.57,8042180.00
2017-01-31,10.73,11648700.00
2017-02-01,10.73,12852200.00
2017-02-02,10.82,10172500.00
2017-02-03,11.11,12897800.00
2017-02-04,11.43,14139500.00
2017-02-05,11.35,5942960.00
2017-02-06,11.39,5695440.00
2017-02-07,11.52,7629640.00
2017-02-08,11.43,9688630.00
2017-02-09,11.03,18400300.00
2017-02-10,11.28,11914200.00
2017-02-11,11.35,7544520.00
2017-02-12,11.40,6264900.00
2017-02-13,11.27,7216520.00
2017-02-14,13.03,42911500.00
2017-02-15,12.92,18464700.00
2017-02-16,12.90,38002600.00
2017-02-17,12.68,11636500.00
2017-02-18,12.81,9370010.00
2017-02-19,12.76,7799740.00
2017-02-20,12.43,12994400.00
2017-02-21,12.67,15183300.00
2017-02-22,12.60,10360900.00
2017-02-23,13.12,14522300.00
2017-02-24,13.07,19574400.00
2017-02-25,13.55,18533900.00
2017-02-26,14.52,20307500.00
2017-02-27,15.40,31667000.00
2017-02-28,15.82,65478900.00
2017-03-01,17.35,44927500.00
2017-03-02,19.03,83627104.00
2017-03-03,19.46,95863400.00
2017-03-04,18.62,27341900.00
2017-03-05,19.30,26816300.00
2017-03-06,19.61,32432700.00
2017-03-07,18.89,37972200.00
2017-03-08,16.65,44304600.00
2017-03-09,17.75,31418400.00
2017-03-10,19.33,87506800.00
2017-03-11,21.47,69150096.00
2017-03-12,23.44,74628896.00
2017-03-13,28.59,255488000.00
2017-03-14,28.65,101797000.00
2017-03-15,35.06,170344000.00
2017-03-16,46.35,454417984.00
2017-03-17,46.83,497534016.00
2017-03-18,34.16,262180000.00
2017-03-19,44.74,239430000.00
2017-03-20,43.39,154700992.00
2017-03-21,43.15,91265400.00
2017-03-22,42.34,113952000.00
2017-03-23,43.68,100724000.00
2017-03-24,53.11,297046016.00
2017-03-25,51.25,223059008.00
2017-03-26,50.52,106859000.00
2017-03-27,49.67,118978000.00
2017-03-28,50.77,97745296.00
2017-03-29,53.13,144998000.00
2017-03-30,52.21,86885696.00
2017-03-31,50.04,151416000.00
2017-04-01,50.70,92461904.00
2017-04-02,48.75,134604000.00
2017-04-03,44.36,190512992.00
2017-04-04,44.64,157568000.00
2017-04-05,45.30,119733000.00
2017-04-06,43.24,147120000.00
2017-04-07,42.16,81474704.00
2017-04-08,44.31,74138800.00
2017-04-09,43.27,55143000.00
2017-04-10,43.44,44061500.00
2017-04-11,43.41,38303300.00
2017-04-12,46.29,88045696.00
2017-04-13,50.22,157200000.00
2017-04-14,47.57,91674400.00
2017-04-15,49.10,66207800.00
2017-04-16,48.72,31343800.00
2017-04-17,48.30,44013300.00
2017-04-18,50.71,78748496.00
2017-04-19,48.31,76281000.00
2017-04-20,49.67,79600896.00
2017-04-21,48.22,45048300.00
2017-04-22,48.55,37357600.00
2017-04-23,48.49,36234000.00
2017-04-24,50.03,55580600.00
2017-04-25,49.89,38264600.00
2017-04-26,52.72,104884000.00
2017-04-27,62.17,246775008.00
2017-04-28,70.16,346545984.00
2017-04-29,68.38,165448000.00
2017-04-30,79.02,229944992.00
2017-05-01,76.30,376841984.00
2017-05-02,77.26,193772992.00
2017-05-03,79.72,141922000.00
2017-05-04,96.98,366847008.00
2017-05-05,94.40,331928000.00
2017-05-06,97.81,151462000.00
2017-05-07,94.01,183295008.00
2017-05-08,91.42,231344000.00
2017-05-09,91.16,363433984.00
2017-05-10,89.52,145602000.00
2017-05-11,89.88,132722000.00
2017-05-12,88.66,145824992.00
2017-05-13,90.84,88742200.00
2017-05-14,90.79,66046600.00
2017-05-15,92.41,170999008.00
2017-05-16,89.44,152284992.00
2017-05-17,89.86,183031008.00
2017-05-18,96.91,196236992.00
2017-05-19,129.53,626945024.00
2017-05-20,126.52,331455008.00
2017-05-21,157.94,570361024.00
2017-05-22,174.26,1188909952.00
2017-05-23,181.95,530708992.00
2017-05-24,190.05,561014016.00
2017-05-25,174.45,943636992.00
2017-05-26,160.40,792457984.00
2017-05-27,157.76,1217059968.00
2017-05-28,170.51,717971008.00
2017-05-29,194.91,718828032.00
2017-05-30,231.91,1586669952.00
2017-05-31,230.67,1271600000.00
2017-06-01,222.24,812924032.00
2017-06-02,223.77,469532000.00
2017-06-03,224.38,427896000.00
2017-06-04,245.33,753820032.00
2017-06-05,248.46,435660000.00
2017-06-06,264.47,741553024.00
2017-06-07,258.07,461648992.00
2017-06-08,261.67,385494016.00
2017-06-09,281.74,557985984.00
2017-06-10,337.67,1611629952.00
2017-06-11,340.61,1373219968.00
2017-06-12,401.49,2882650112.00
2017-06-13,397.54,1717379968.00
2017-06-14,359.05,1272579968.00
2017-06-15,361.93,2463450112.00
2017-06-16,370.23,1096280064.00
2017-06-17,379.41,904652992.00
2017-06-18,371.46,904702976.00
2017-06-19,370.06,685171968.00
2017-06-20,359.01,1020390016.00
2017-06-21,336.87,1420130048.00
2017-06-22,336.37,925766976.00
2017-06-23,341.74,593206976.00
2017-06-24,323.70,673585024.00
2017-06-25,303.25,1186880000.00
2017-06-26,272.69,2081810048.00
2017-06-27,293.09,1973869952.00
2017-06-28,327.93,2056550016.00
2017-06-29,302.88,1508579968.00
2017-06-30,294.92,1011800000.00
2017-07-01,274.60,1089200000.00
2017-07-02,287.99,1123330048.00
2017-07-03,282.90,851408000.00
2017-07-04,273.30,687691008.00
2017-07-05,268.77,790256000.00
2017-07-06,270.55,623080000.00
2017-07-07,245.99,687251968.00
2017-07-08,251.70,754958016.00
2017-07-09,242.14,505118016.00
2017-07-10,215.36,937219008.00
2017-07-11,197.40,1440950016.00
2017-07-12,230.77,1241190016.00
2017-07-13,209.73,828489024.00
2017-07-14,199.66,749382016.00
2017-07-15,170.65,810451968.00
2017-07-16,157.36,1516889984.00
2017-07-17,193.42,1669500032.00
2017-07-18,234.39,2709260032.00
2017-07-19,199.70,2328790016.00
2017-07-20,227.26,2224999936.00
2017-07-21,218.30,1006129984.00
2017-07-22,229.48,618259968.00
2017-07-23,225.95,649614976.00
2017-07-24,224.71,431691008.00
2017-07-25,206.71,1095760000.00
2017-07-26,203.95,717692032.00
2017-07-27,204.32,393283008.00
2017-07-28,193.12,562571008.00
2017-07-29,205.79,824355008.00
2017-07-30,197.98,596233984.00
2017-07-31,203.87,569414016.00
2017-08-01,226.77,1585330048.00
2017-08-02,219.95,632606016.00
2017-08-03,225.34,557217024.00
2017-08-04,223.07,539782976.00
2017-08-05,256.51,1332999936.00
2017-08-06,261.57,1482979968.00
2017-08-07,269.18,935726976.00
2017-08-08,296.77,1502409984.00
2017-08-09,296.03,2638579968.00
2017-08-10,295.89,1076819968.00
2017-08-11,308.86,953576000.00
2017-08-12,310.60,1111650048.00
2017-08-13,298.06,1369369984.00
2017-08-14,300.10,864390976.00
2017-08-15,289.82,1051800000.00
2017-08-16,302.27,967643008.00
2017-08-17,301.46,909494016.00
2017-08-18,295.59,936160000.00
2017-08-19,297.47,860201984.00
2017-08-20,301.43,571947008.00
2017-08-21,321.59,2448969984.00
2017-08-22,314.79,1336400000.00
2017-08-23,317.52,811990016.00
2017-08-24,325.61,697665024.00
2017-08-25,331.92,760329024.00
2017-08-26,333.88,514180992.00
2017-08-27,347.89,633369984.00
2017-08-28,347.75,854318976.00
2017-08-29,370.67,1220029952.00
2017-08-30,378.48,1333319936.00
2017-08-31,383.04,706254016.00
2017-09-01,387.74,874222016.00
2017-09-02,348.98,1483600000.00
2017-09-03,347.48,986265984.00
2017-09-04,295.17,1801689984.00
2017-09-05,312.99,1551049984.00
2017-09-06,334.34,1058830016.00
2017-09-07,329.43,718624000.00
2017-09-08,296.50,1098780032.00
2017-09-09,294.40,528620992.00
2017-09-10,288.75,698326016.00
2017-09-11,294.53,571307008.00
2017-09-12,291.46,753144000.00
2017-09-13,277.11,921692032.00
2017-09-14,213.91,1184589952.00
2017-09-15,250.46,1935699968.00
2017-09-16,246.52,711737024.00
2017-09-17,251.75,427452000.00
2017-09-18,293.50,1127750016.00
2017-09-19,282.80,646908992.00
2017-09-20,283.74,421404000.00
2017-09-21,258.58,601265984.00
2017-09-22,264.31,430080992.00
2017-09-23,286.17,450934016.00
2017-09-24,282.48,571411008.00
2017-09-25,292.33,483160992.00
2017-09-26,287.44,345800992.00
2017-09-27,306.47,550243968.00
2017-09-28,299.15,501894016.00
2017-09-29,291.47,541374976.00
2017-09-30,301.46,332439008.00
2017-10-01,302.34,306184992.00
2017-10-02,297.48,339443008.00
2017-10-03,292.46,321680000.00
2017-10-04,292.66,257906000.00
2017-10-05,295.86,253747008.00
2017-10-06,308.59,318664000.00
2017-10-07,311.12,342204992.00
2017-10-08,308.61,293167008.00
2017-10-09,297.39,559467008.00
2017-10-10,299.87,359705984.00
2017-10-11,303.46,264146000.00
2017-10-12,304.14,527556992.00
2017-10-13,338.76,1304359936.00
2017-10-14,339.63,516561984.00
2017-10-15,336.60,635406976.00
2017-10-16,333.38,692884992.00
2017-10-17,317.08,509924000.00
2017-10-18,314.32,606113984.00
2017-10-19,308.09,349830016.00
2017-10-20,304.01,396672992.00
2017-10-21,300.19,408014016.00
2017-10-22,295.45,327387008.00
2017-10-23,286.95,482336000.00
2017-10-24,298.33,684281024.00
2017-10-25,297.92,325040000.00
2017-10-26,296.53,270272992.00
2017-10-27,297.42,257168992.00
2017-10-28,296.30,264424000.00
2017-10-29,305.09,551752000.00
2017-10-30,307.75,331441984.00
2017-10-31,305.88,369583008.00
2017-11-01,291.69,553864000.00
2017-11-02,287.43,904900992.00
2017-11-03,305.71,646339968.00
2017-11-04,300.47,416479008.00
2017-11-05,296.26,337657984.00
2017-11-06,298.89,579358976.00
2017-11-07,294.66,540766016.00
2017-11-08,309.07,967955968.00
2017-11-09,320.88,893249984.00
2017-11-10,299.25,885985984.00
2017-11-11,314.68,842300992.00
2017-11-12,307.91,1613479936.00
2017-11-13,316.72,1041889984.00
2017-11-14,337.63,1069680000.00
2017-11-15,333.36,722665984.00
2017-11-16,330.92,797254016.00
2017-11-17,332.39,621732992.00
2017-11-18,347.61,649638976.00
2017-11-19,354.39,1181529984.00
2017-11-20,366.73,807027008.00
2017-11-21,360.40,949912000.00
2017-11-22,380.65,800819008.00
2017-11-23,410.17,1845680000.00
2017-11-24,474.91,2292829952.00
2017-11-25,466.28,1422080000.00
2017-11-26,471.33,1197779968.00
2017-11-27,480.36,1396480000.00
2017-11-28,472.90,1346499968.00
2017-11-29,427.52,2675940096.00
2017-11-30,447.11,1903040000.00
2017-12-01,466.54,1247879936.00
2017-12-02,463.45,943649984.00
2017-12-03,465.85,990556992.00
2017-12-04,470.20,1005550016.00
2017-12-05,463.28,1216720000.00
2017-12-06,428.59,1998259968.00
2017-12-07,434.41,2129570048.00
2017-12-08,456.03,2336379904.00
2017-12-09,473.50,2003849984.00
2017-12-10,441.72,1404179968.00
2017-12-11,515.14,1771440000.00
2017-12-12,651.43,5179829760.00
2017-12-13,702.77,4524539904.00
2017-12-14,695.82,3821580032.00
2017-12-15,684.45,2758710016.00
2017-12-16,696.21,2165690112.00
2017-12-17,719.97,2147389952.00
2017-12-18,794.65,3249230080.00
2017-12-19,826.82,4096549888.00
2017-12-20,819.09,3969939968.00
2017-12-21,821.06,3569060096.00
2017-12-22,674.86,4977710080.00
2017-12-23,719.39,2480339968.00
2017-12-24,694.15,2300549888.00
2017-12-25,765.83,2491760128.00
2017-12-26,773.84,2201159936.00
2017-12-27,762.84,2100029952.00
2017-12-28,737.02,2389149952.00
2017-12-29,753.59,2648969984.00
2017-12-30,717.26,3187780096.00
2017-12-31,756.73,2554269952.00
2018-01-01,772.64,2595760128.00
2018-01-02,884.44,5783349760.00
2018-01-03,962.72,5093159936.00
2018-01-04,980.92,6502859776.00
2018-01-05,997.72,6683149824.00
2018-01-06,1041.68,4662219776.00
2018-01-07,1153.17,5569880064.00
2018-01-08,1148.53,8450970112.00
2018-01-09,1299.74,7965459968.00
2018-01-10,1255.82,9214950400.00
2018-01-11,1154.93,7235899904.00
2018-01-12,1273.20,5222300160.00
2018-01-13,1396.42,5746760192.00
2018-01-14,1366.77,4841630208.00
2018-01-15,1291.92,4781100032.00
2018-01-16,1053.69,8405139968.00
2018-01-17,1014.25,8545160192.00
2018-01-18,1036.28,5938319872.00
2018-01-19,1039.10,4084450048.00
2018-01-20,1155.15,3975190016.00
2018-01-21,1049.58,3378089984.00
2018-01-22,1003.26,3810099968.00
2018-01-23,986.23,3556699904.00
2018-01-24,1058.78,3944039936.00
2018-01-25,1056.03,4050190080.00
2018-01-26,1055.17,3617690112.00
2018-01-27,1107.07,3002870016.00
2018-01-28,1246.01,5372329984.00
2018-01-29,1182.36,3715079936.00
2018-01-30,1071.13,4107859968.00
2018-01-31,1118.31,3757560064.00
2018-02-01,1036.79,5261680128.00
2018-02-02,915.78,6713290240.00
2018-02-03,964.02,3243480064.00
2018-02-04,834.68,2997090048.00
2018-02-05,697.95,4269530112.00
2018-02-06,793.12,6518269952.00
2018-02-07,757.07,3896179968.00
2018-02-08,817.81,3708189952.00
2018-02-09,883.86,2495820032.00
2018-02-10,860.41,2930530048.00
2018-02-11,814.66,2486650112.00
2018-02-12,868.71,2243450112.00
2018-02-13,845.26,2081170048.00
2018-02-14,923.56,2818370048.00
2018-02-15,936.98,2900100096.00
2018-02-16,944.21,2369449984.00
2018-02-17,974.11,2525720064.00
2018-02-18,923.92,2567290112.00
2018-02-19,943.86,2169019904.00
2018-02-20,895.37,2545260032.00
2018-02-21,849.97,2531729920.00
2018-02-22,812.84,2150370048.00
2018-02-23,864.19,2334820096.00
2018-02-24,840.52,1926579968.00
2018-02-25,844.81,1646960000.00
2018-02-26,869.32,2044480000.00
2018-02-27,878.27,2053980032.00
2018-02-28,855.20,1963980032.00
2018-03-01,872.20,1868519936.00
2018-03-02,856.85,1894419968.00
2018-03-03,857.22,1699369984.00
2018-03-04,866.68,1697939968.00
2018-03-05,853.68,1898489984.00
2018-03-06,816.95,1943069952.00
2018-03-07,752.83,2175419904.00
2018-03-08,704.60,1891640064.00
2018-03-09,728.92,2233019904.00
2018-03-10,686.89,1532960000.00
2018-03-11,723.34,1562680064.00
2018-03-12,699.83,1764999936.00
2018-03-13,690.83,1425959936.00
2018-03-14,614.29,1810560000.00
2018-03-15,611.30,1770460032.00
2018-03-16,601.67,1417350016.00
2018-03-17,552.78,1267810048.00
2018-03-18,538.64,2685499904.00
2018-03-19,556.73,2046790016.00
2018-03-20,557.17,1833680000.00
2018-03-21,561.73,1781270016.00
2018-03-22,539.70,1523459968.00
2018-03-23,539.62,1596349952.00
2018-03-24,526.44,1300009984.00
2018-03-25,524.29,1151170048.00
2018-03-26,489.95,1638880000.00
2018-03-27,450.12,1617939968.00
2018-03-28,446.28,1514179968.00
2018-03-29,385.97,1970230016.00
2018-03-30,394.64,1878130048.00
2018-03-31,396.46,1323920000.00
2018-04-01,379.61,1256930048.00
2018-04-02,386.42,1102259968.00
2018-04-03,416.89,1363399936.00
2018-04-04,380.54,1287730048.00
2018-04-05,383.23,1210680064.00
2018-04-06,370.29,967105984.00
2018-04-07,385.31,951475008.00
2018-04-08,400.51,948488000.00
2018-04-09,398.53,1478390016.00
2018-04-10,414.24,1196000000.00
2018-04-11,430.54,1439040000.00
2018-04-12,492.94,2519360000.00
2018-04-13,492.73,2419249920.00
2018-04-14,501.48,1519079936.00
2018-04-15,531.70,1726089984.00
2018-04-16,511.15,1758979968.00
2018-04-17,502.89,1760359936.00
2018-04-18,524.79,1762940032.00
2018-04-19,567.89,2256869888.00
2018-04-20,615.72,2849469952.00
2018-04-21,605.40,2612460032.00
2018-04-22,621.86,2426269952.00
2018-04-23,642.55,2386830080.00
2018-04-24,708.16,3581860096.00
2018-04-25,615.42,4216140032.00
2018-04-26,662.81,2984009984.00
2018-04-27,647.03,2598129920.00
2018-04-28,683.68,2496659968.00
2018-04-29,688.88,2740559872.00
2018-04-30,669.92,2853100032.00
2018-05-01,673.61,2678960128.00
2018-05-02,687.15,2822269952.00
2018-05-03,779.54,4210939904.00
2018-05-04,785.62,3533410048.00
2018-05-05,816.12,3035040000.00
2018-05-06,792.31,3105570048.00
2018-05-07,753.72,4316120064.00
2018-05-08,752.86,2920489984.00
2018-05-09,752.28,2877870080.00
2018-05-10,727.28,2748950016.00
2018-05-11,679.59,3290080000.00
2018-05-12,686.05,2668480000.00
2018-05-13,733.50,2362500096.00
2018-05-14,730.55,3005110016.00
2018-05-15,708.87,2523069952.00
2018-05-16,707.05,2476130048.00
2018-05-17,672.66,2350619904.00
2018-05-18,694.37,2305740032.00
2018-05-19,696.53,2021549952.00
2018-05-20,715.37,2156910080.00
2018-05-21,699.22,2005170048.00
2018-05-22,647.74,2230469888.00
2018-05-23,583.59,2995429888.00
2018-05-24,601.76,2791099904.00
2018-05-25,586.73,2110919936.00
2018-05-26,587.28,1694300032.00
2018-05-27,572.67,1788790016.00
2018-05-28,516.04,2356900096.00
2018-05-29,565.39,2330820096.00
2018-05-30,559.59,2053970048.00
2018-05-31,577.65,1985040000.00
2018-06-01,580.04,1945890048.00
2018-06-02,591.81,1880390016.00
2018-06-03,618.33,1832550016.00
2018-06-04,592.98,1903430016.00
2018-06-05,609.30,1844269952.00
2018-06-06,607.12,1756530048.00
2018-06-07,605.19,1880140032.00
2018-06-08,601.08,1637779968.00
2018-06-09,597.56,1519309952.00
2018-06-10,526.48,2234880000.00
2018-06-11,533.28,1982119936.00
2018-06-12,496.84,1932760064.00
2018-06-13,477.49,2080130048.00
2018-06-14,519.74,2458650112.00
2018-06-15,491.00,1808269952.00
2018-06-16,499.64,1314109952.00
2018-06-17,500.45,1264870016.00
2018-06-18,518.89,1513869952.00
2018-06-19,537.96,1726569984.00
2018-06-20,536.27,1596290048.00
2018-06-21,527.37,1462070016.00
2018-06-22,465.82,2226030080.00
2018-06-23,474.52,1651379968.00
2018-06-24,457.67,2490579968.00
2018-06-25,460.31,4007950080.00
2018-06-26,432.77,1356560000.00
2018-06-27,442.36,1368940032.00
2018-06-28,422.36,1360790016.00
2018-06-29,436.01,1564499968.00
2018-06-30,455.18,1475939968.00
2018-07-01,453.92,1511730048.00
2018-07-02,475.35,1625789952.00
2018-07-03,464.20,1683939968.00
2018-07-04,467.32,1549769984.00
2018-07-05,474.41,1828610048.00
2018-07-06,474.01,1627609984.00
2018-07-07,491.66,1358360064.00
2018-07-08,489.12,1344560000.00
2018-07-09,476.68,1533799936.00
2018-07-10,434.42,1789069952.00
2018-07-11,446.52,1422470016.00
2018-07-12,430.07,1495440000.00
2018-07-13,434.03,1489670016.00
2018-07-14,436.09,1235820032.00
2018-07-15,449.85,1350160000.00
2018-07-16,480.66,1858680064.00
2018-07-17,501.00,2288100096.00
2018-07-18,480.51,2371559936.00
2018-07-19,469.62,2068739968.00
2018-07-20,450.70,1821350016.00
2018-07-21,462.44,1504310016.00
2018-07-22,459.66,1338589952.00
2018-07-23,450.85,1596999936.00
2018-07-24,479.37,2287520000.00
2018-07-25,472.49,1930780032.00
2018-07-26,464.04,1621560064.00
2018-07-27,469.67,1734259968.00
2018-07-28,466.90,1531890048.00
2018-07-29,466.67,1631910016.00
2018-07-30,457.08,2141590000.00
2018-07-31,433.87,1820680000.00
2018-08-01,420.75,1888060000.00
2018-08-02,412.62,1569300000.00
2018-08-03,418.26,1722340000.00
2018-08-04,407.25,1466540000.00
2018-08-05,410.52,1396820000.00
2018-08-06,406.66,1384880000.00
2018-08-07,380.21,1828350000.00
2018-08-08,356.61,2016080000.00
2018-08-09,365.59,1616610000.00
2018-08-10,334.18,1699400000.00
2018-08-11,322.11,1790370000.00
2018-08-12,319.57,1625420000.00
2018-08-13,286.50,1751190000.00
2018-08-14,278.93,2137850000.00
2018-08-15,282.36,1878150000.00
2018-08-16,288.05,1552970000.00
2018-08-17,315.73,1995460000.00
2018-08-18,295.81,1764020000.00
2018-08-19,300.83,1447910000.00
2018-08-20,274.31,1413790000.00
2018-08-21,281.94,1164120000.00
2018-08-22,271.34,1507660000.00
2018-08-23,277.10,1271160000.00
2018-08-24,282.97,1450170000.00
2018-08-25,279.65,1208360000.00
2018-08-26,275.20,1206650000.00
2018-08-27,285.60,1406790000.00
2018-08-28,296.50,1513350000.00
2018-08-29,289.31,1474460000.00
2018-08-30,284.11,1513100000.00
2018-08-31,283.00,1411910000.00
2018-09-01,295.34,1546630000.00
2018-09-02,294.37,1321050000.00
2018-09-03,289.26,1394490000.00
2018-09-04,285.72,1554870000.00
2018-09-05,232.33,2390390000.00
2018-09-06,230.22,2097310000.00
2018-09-07,217.20,1678260000.00
2018-09-08,197.95,1517200000.00
2018-09-09,196.92,1585980000.00
2018-09-10,197.08,1502960000.00
2018-09-11,185.07,1568900000.00
2018-09-12,183.33,1874850000.00
2018-09-13,211.35,2330720000.00
2018-09-14,211.75,2232190000.00
2018-09-15,223.07,1670490000.00
2018-09-16,220.59,1502260000.00
2018-09-17,197.88,2019910000.00
2018-09-18,209.97,1800640000.00
2018-09-19,209.97,1733330000.00
2018-09-20,224.59,1782070000.00
2018-09-21,246.58,2836200000.00
2018-09-22,240.48,1921820000.00
2018-09-23,244.33,1693470000.00
2018-09-24,228.73,1748740000.00
2018-09-25,218.50,2120360000.00
2018-09-26,215.85,1756100000.00
2018-09-27,228.49,2030320000.00
2018-09-28,222.40,2018120000.00
2018-09-29,231.63,2208720000.00
2018-09-30,232.85,1765560000.00
2018-10-01,230.77,1597500000.00
2018-10-02,227.18,1542080000.00
2018-10-03,220.49,1683930000.00
2018-10-04,222.22,1479500000.00
2018-10-05,227.60,1547330000.00
2018-10-06,225.12,1505070000.00
2018-10-07,226.12,1470480000.00
2018-10-08,229.25,1470740000.00
2018-10-09,227.98,1405130000.00
2018-10-10,225.77,1384040000.00
2018-10-11,189.50,2167620000.00
2018-10-12,196.73,1487900000.00
2018-10-13,199.84,1167610000.00
2018-10-14,195.72,1169260000.00
2018-10-15,209.70,2865830000.00
2018-10-16,210.12,1532280000.00
2018-10-17,207.08,1444130000.00
2018-10-18,203.35,1365860000.00
2018-10-19,203.73,1264480000.00
2018-10-20,205.43,1238780000.00
2018-10-21,205.14,1190300000.00
2018-10-22,204.04,1328980000.00
2018-10-23,204.34,1237490000.00
2018-10-24,203.85,1102220000.00
2018-10-25,202.72,1102900000.00
2018-10-26,203.33,1161310000.00
2018-10-27,204.21,1084810000.00
2018-10-28,205.37,1139140000.00
2018-10-29,197.25,1517230000.00
2018-10-30,197.56,1363500000.00
2018-10-31,197.38,1442380000.00
2018-11-01,198.87,1336700000.00
2018-11-02,200.63,1451870000.00
2018-11-03,200.19,1307150000.00
2018-11-04,207.49,1749300000.00
2018-11-05,209.09,1613510000.00
2018-11-06,218.45,1856940000.00
2018-11-07,217.18,1927830000.00
2018-11-08,212.23,1769080000.00
2018-11-09,210.07,1554750000.00
2018-11-10,212.53,1377760000.00
2018-11-11,211.34,1501600000.00
2018-11-12,210.42,1452380000.00
2018-11-13,206.83,1610260000.00
2018-11-14,181.40,2595330000.00
2018-11-15,180.81,2638410000.00
2018-11-16,175.18,2015330000.00
2018-11-17,174.00,1832800000.00
2018-11-18,177.07,1810920000.00
2018-11-19,149.18,2745160000.00
2018-11-20,130.34,3134410000.00
2018-11-21,136.70,2685930000.00
2018-11-22,126.71,1792150000.00
2018-11-23,123.30,1998010000.00
2018-11-24,113.49,1800960000.00
2018-11-25,116.45,2466750000.00
2018-11-26,108.33,2139490000.00
2018-11-27,110.01,2320010000.00
2018-11-28,122.44,2673470000.00
2018-11-29,117.54,2196099150.58
2018-11-30,113.17,2020748395.52
2018-12-01,118.64,2131475767.65
2018-12-02,116.39,1856199148.78
2018-12-03,108.93,1772756192.75
2018-12-04,110.21,1748116495.09
2018-12-05,102.48,1990157607.46
2018-12-06,91.76,2310716932.45
2018-12-07,93.29,2554304529.79
2018-12-08,92.16,1855759401.15
2018-12-09,95.14,1875567179.89
2018-12-10,91.69,1756437577.01
2018-12-11,88.95,1707497898.27
2018-12-12,90.59,1533050103.47
2018-12-13,86.54,1754475621.80
2018-12-14,84.31,1651491876.91
2018-12-15,84.44,1496176898.30
2018-12-16,85.26,1565817037.10
2018-12-17,95.13,2101453023.80
2018-12-18,101.11,2277514075.70
2018-12-19,101.27,2456482114.72
2018-12-20,116.22,3063842618.20
2018-12-21,109.50,2632539990.30
2018-12-22,116.76,2338772938.80
2018-12-23,130.77,3579715060.80
2018-12-24,140.24,4370343386.79
2018-12-25,129.84,3298280609.27
2018-12-26,131.87,2720469126.47
2018-12-27,116.58,2612804378.36
2018-12-28,137.65,3130201009.41
2018-12-29,138.02,3169029972.20
2018-12-30,139.86,2660086834.11
2018-12-31,133.37,2358360233.97
2019-01-01,140.82,2258709868.32
2019-01-02,155.05,3328240369.42
2019-01-03,149.14,2676164880.24
2019-01-04,154.58,3126192535.10
2019-01-05,155.64,3338211928.04
2019-01-06,157.75,3231294371.16
2019-01-07,151.70,2712108387.91
2019-01-08,150.36,2459808140.32
2019-01-09,150.80,2369241196.89
2019-01-10,128.63,3397734455.64
2019-01-11,127.55,2667585233.51
2019-01-12,125.97,2212109224.41
2019-01-13,116.90,2268263943.76
2019-01-14,129.07,2798085735.18
2019-01-15,122.03,2735449164.33
2019-01-16,123.55,2746469339.75
2019-01-17,123.74,2594091284.95
2019-01-18,121.01,2305389799.88
2019-01-19,124.52,3048261797.09
2019-01-20,119.47,2964108269.11
2019-01-21,117.16,2421720342.52
2019-01-22,118.75,2552507404.73
2019-01-23,117.45,2556952198.38
2019-01-24,117.36,2520843419.62
2019-01-25,116.38,2606881898.14
2019-01-26,116.49,2412181168.84
2019-01-27,113.41,2775888287.00
2019-01-28,106.59,3366895504.67
2019-01-29,105.60,2900418605.97
2019-01-30,108.91,2874370354.59
2019-01-31,107.06,2828796030.76
2019-02-01,107.61,2541271518.87
2019-02-02,110.43,2385157837.71
2019-02-03,107.49,2519334756.88
2019-02-04,107.82,2491888674.80
2019-02-05,107.44,2515863998.87
2019-02-06,104.92,2593048199.10
2019-02-07,104.54,2326764622.24
2019-02-08,119.27,3656841346.52
2019-02-09,119.43,2884650400.41
2019-02-10,124.81,3148766590.14
2019-02-11,121.30,3222473887.41
2019-02-12,122.57,3149576428.84
2019-02-13,122.55,3386585799.14
2019-02-14,121.39,3331701627.67
2019-02-15,122.10,3021741614.86
2019-02-16,123.26,2905833287.21
2019-02-17,133.60,4236081129.54
2019-02-18,146.10,5387525773.06
2019-02-19,145.35,5310842625.39
2019-02-20,149.55,4500094964.92
2019-02-21,146.13,3995766856.26
2019-02-22,149.09,3731099283.60
2019-02-23,158.80,4519468458.35
2019-02-24,135.85,5957715043.41
2019-02-25,139.82,4914392068.28
2019-02-26,138.09,3791292838.93
2019-02-27,136.13,4469776860.48
2019-02-28,136.75,4535438953.17
2019-03-01,136.44,3756124823.75
2019-03-02,134.21,3747176425.17
2019-03-03,132.25,3454374052.60
2019-03-04,127.77,4008171341.13
2019-03-05,137.82,4764849990.07
2019-03-06,138.79,4589054218.52
2019-03-07,138.03,4339206292.24
2019-03-08,135.13,4678816793.98
2019-03-09,137.97,5011918715.08
2019-03-10,136.76,4578438499.35
2019-03-11,133.83,4689807418.79
2019-03-12,134.44,4709987999.70
2019-03-13,133.26,4265162099.27
2019-03-14,133.71,4476532147.21
2019-03-15,137.69,4506861856.05
2019-03-16,142.40,4839003568.65
2019-03-17,140.00,3827157729.14
2019-03-18,139.37,4551739878.98
2019-03-19,140.52,4251488128.79
2019-03-20,140.69,4664134462.09
2019-03-21,136.64,5087247796.46
2019-03-22,137.18,4490899265.96
2019-03-23,138.24,4436568613.45
2019-03-24,136.99,4266845458.42
2019-03-25,135.03,4480516752.85
2019-03-26,135.46,4499271678.92
2019-03-27,140.99,5228240092.74
2019-03-28,139.42,4163212475.11
2019-03-29,142.50,5125602702.27
2019-03-30,142.09,5144662126.51
2019-03-31,141.51,4249050197.37
2019-04-01,141.83,4611999536.45
2019-04-02,163.96,9826645698.15
2019-04-03,161.46,10622456246.11
2019-04-04,158.05,7953123528.50
2019-04-05,165.51,7531316908.11
2019-04-06,165.95,7167016220.88
2019-04-07,174.53,7596176019.73
2019-04-08,180.26,9304964609.75
2019-04-09,176.11,7632529577.81
2019-04-10,177.34,7856924878.74
2019-04-11,165.50,7859383417.27
2019-04-12,164.74,6237185309.34
2019-04-13,164.51,4959301561.23
2019-04-14,167.84,4846298303.14
2019-04-15,161.57,5672311823.76
2019-04-16,167.62,5180105341.40
2019-04-17,166.95,5596102715.02
2019-04-18,173.81,6971581464.43
2019-04-19,173.71,6541053060.76
2019-04-20,173.75,6142567811.79
2019-04-21,170.05,6005571687.88
2019-04-22,171.87,6094878077.10
2019-04-23,171.45,7097827092.24
2019-04-24,165.83,7351304156.21
2019-04-25,154.46,6820332362.11
2019-04-26,156.35,7505283355.03
2019-04-27,158.43,5863109117.65
2019-04-28,157.30,5379894433.33
2019-04-29,155.20,6053776253.19
2019-04-30,162.17,6275803460.00
2019-05-01,160.82,5789172432.90
2019-05-02,162.12,6044171061.70
2019-05-03,167.95,7299410672.18
2019-05-04,164.03,6658100048.67
2019-05-05,163.45,5938415561.86
2019-05-06,172.65,7540096853.09
2019-05-07,169.80,8411140169.71
2019-05-08,170.95,6416569597.96
2019-05-09,170.29,6546914197.55
2019-05-10,173.14,8036919052.86
2019-05-11,194.30,12578331654.26
2019-05-12,187.33,10326050089.57
2019-05-13,196.85,10367149038.86
2019-05-14,217.15,12751049754.87
2019-05-15,247.15,13460006533.86
2019-05-16,264.01,18661465872.83
2019-05-17,243.76,16037551694.04
2019-05-18,234.60,10933142646.38
2019-05-19,261.29,12049250893.84
2019-05-20,251.86,10834541285.01
2019-05-21,255.22,11545049593.48
2019-05-22,244.70,9818257462.68
2019-05-23,245.97,10671663487.35
2019-05-24,249.48,9929433205.98
2019-05-25,251.76,8924985384.71
2019-05-26,267.07,9664267730.90
2019-05-27,272.86,12074664735.62
2019-05-28,271.77,10362846898.44
2019-05-29,269.46,9819132174.36
2019-05-30,255.86,13604268584.36
2019-05-31,268.11,11255023514.71
2019-06-01,265.39,9942869851.90
2019-06-02,270.23,8744111713.27
2019-06-03,252.61,9375712916.61
2019-06-04,241.34,10132549746.68
2019-06-05,247.05,8548917061.98
2019-06-06,249.47,8265146806.32
2019-06-07,250.93,8379534527.81
2019-06-08,245.74,7225996863.20
2019-06-09,233.09,7566421455.56
2019-06-10,247.52,8141159847.92
2019-06-11,245.78,7382269700.39
2019-06-12,260.90,8645598617.64
2019-06-13,256.17,8442077836.33
2019-06-14,264.09,8676891266.98
2019-06-15,269.02,8126853943.63
2019-06-16,269.22,9676746452.62
2019-06-17,274.35,6009795781.12
2019-06-18,265.05,6205242503.80
2019-06-19,269.43,5516510947.08
2019-06-20,271.70,6408981097.05
2019-06-21,294.91,9331694139.58
2019-06-22,309.38,10613731254.57
2019-06-23,307.83,8161062379.67
2019-06-24,310.42,8205712062.09
2019-06-25,318.13,9641764965.19
2019-06-26,336.75,16437084081.09
2019-06-27,294.27,14038092502.55
2019-06-28,311.23,11514656819.55
2019-06-29,320.06,10929374564.98
2019-06-30,290.70,10303111000.42
2019-07-01,293.64,10292223947.84
2019-07-02,291.60,10618413951.80
2019-07-03,303.10,9926711979.20
2019-07-04,284.52,8403513105.73
2019-07-05,288.00,8723493015.22
2019-07-06,287.55,7674615024.95
2019-07-07,305.70,8119724980.55
2019-07-08,313.25,9078905628.36
2019-07-09,308.88,10055159802.71
2019-07-10,290.00,11679985166.52
2019-07-11,268.70,10216287021.61
2019-07-12,276.28,8148936015.06
2019-07-13,269.46,6716829429.13
2019-07-14,227.58,8578339385.95
2019-07-15,229.78,9723674243.93
2019-07-16,199.19,9036620493.51
2019-07-17,211.48,9387747639.67
2019-07-18,226.57,9327816059.09
2019-07-19,221.33,7606433130.73
2019-07-20,229.12,7976245988.17
2019-07-21,225.63,6685082868.05
2019-07-22,217.56,6338843918.85
2019-07-23,212.73,6976091534.02
2019-07-24,217.05,7168982842.86
2019-07-25,219.62,6731281160.30
2019-07-26,219.63,5729852177.98
2019-07-27,207.41,6257703907.69
2019-07-28,211.19,5504887933.63
2019-07-29,211.27,5485190664.10
2019-07-30,210.52,5489918858.84
2019-07-31,218.65,6003828339.81
2019-08-01,217.81,5965442642.12
2019-08-02,217.87,6159440229.49
2019-08-03,222.49,5697798687.25
2019-08-04,222.67,5238542572.36
2019-08-05,234.22,7765060287.49
2019-08-06,226.02,7647742672.26
2019-08-07,226.39,7020342209.93
2019-08-08,220.94,6713525643.81
2019-08-09,210.49,6964818794.94
2019-08-10,206.73,6584748527.15
2019-08-11,216.09,6440605604.67
2019-08-12,211.29,5674315558.98
2019-08-13,208.71,5946313204.83
2019-08-14,186.61,7444456153.89
2019-08-15,188.50,8197244441.20
2019-08-16,185.44,7133915837.21
2019-08-17,185.69,5512696512.56
2019-08-18,194.49,5969012023.76
2019-08-19,203.09,6145148691.75
2019-08-20,196.57,6408417609.56
2019-08-21,186.89,7775772700.39
2019-08-22,191.33,7569043874.25
2019-08-23,194.71,6658162376.91
2019-08-24,191.29,6249737981.87
2019-08-25,186.84,5826017143.09
2019-08-26,188.93,7207986636.49
2019-08-27,187.52,6042327402.38
2019-08-28,173.89,6696604087.31
2019-08-29,169.52,7129569082.93
2019-08-30,168.83,5776520220.38
2019-08-31,172.47,5830212248.60
2019-09-01,171.63,5554799575.86
2019-09-02,178.35,6503447136.84
2019-09-03,179.50,6962728937.89
2019-09-04,175.99,5938120493.68
2019-09-05,174.22,5589476515.73
2019-09-06,169.96,6797611877.93
2019-09-07,178.26,6791531341.50
2019-09-08,181.36,6472677265.55
2019-09-09,181.15,7232938985.22
2019-09-10,179.79,6291476771.88
2019-09-11,178.73,7157139034.58
2019-09-12,181.02,5838605476.61
2019-09-13,181.11,5955041236.88
2019-09-14,188.11,6500686511.41
2019-09-15,189.79,6222874780.04
2019-09-16,197.11,8242029487.85
2019-09-17,208.61,10232590812.37
2019-09-18,211.39,9194634557.49
2019-09-19,221.28,10620070912.97
2019-09-20,218.05,8027974272.75
2019-09-21,215.52,7743309777.59
2019-09-22,211.55,7812854576.00
2019-09-23,201.92,7494673136.17
2019-09-24,168.11,11757739233.12
2019-09-25,170.89,9766632017.94
2019-09-26,166.73,7848286154.31
2019-09-27,174.71,7909313624.78
2019-09-28,174.57,6895423445.15
2019-09-29,170.50,6497088198.81
2019-09-30,179.87,7552915148.35
2019-10-01,177.34,7676276225.21
2019-10-02,180.71,6335595249.54
2019-10-03,175.20,6381403724.76
2019-10-04,176.99,6248928449.45
2019-10-05,176.35,5837211771.44
2019-10-06,173.06,5852890673.67
2019-10-07,181.19,7844316833.72
2019-10-08,182.02,7466282780.16
2019-10-09,193.29,9088122101.43
2019-10-10,191.66,8375913275.60
2019-10-11,182.57,9128522969.98
2019-10-12,180.83,7494328840.33
2019-10-13,182.08,6733182272.99
2019-10-14,186.96,7276520699.17
2019-10-15,181.41,7731456579.05
2019-10-16,176.01,7691244590.30
2019-10-17,178.03,6737237422.59
2019-10-18,173.62,7566257807.32
2019-10-19,172.91,6551453871.41
2019-10-20,175.53,6801091120.45
2019-10-21,174.92,6815820627.40
2019-10-22,172.30,6990951966.28
2019-10-23,162.40,9624925919.33
2019-10-24,162.17,7300917536.96
2019-10-25,181.52,10358594018.04
2019-10-26,179.84,13831784985.96
2019-10-27,184.24,10815941952.49
2019-10-28,182.66,10406734124.29
2019-10-29,190.34,10622761957.61
2019-10-30,184.69,10484902804.14
2019-10-31,183.97,9607939606.42
2019-11-01,183.97,9145611130.24
2019-11-02,183.93,8087991830.27
2019-11-03,182.43,8760247743.90
2019-11-04,186.36,10551917945.36
2019-11-05,189.30,10024177342.26
2019-11-06,191.59,10156458684.44
2019-11-07,187.98,9081247798.75
2019-11-08,184.21,9176780911.47
2019-11-09,185.03,7277418704.14
2019-11-10,189.48,8752784211.21
2019-11-11,185.49,7877424105.79
2019-11-12,186.84,7792186666.39
2019-11-13,188.26,7343173595.62
2019-11-14,186.00,7872664470.15
2019-11-15,180.52,8815678477.42
2019-11-16,183.35,6789888119.76
2019-11-17,185.12,7364325470.86
2019-11-18,180.56,7787662111.08
2019-11-19,177.46,7536699743.07
2019-11-20,175.70,7205785148.76
2019-11-21,161.46,8546371324.81
2019-11-22,150.27,12020749863.31
2019-11-23,153.42,8289198330.46
2019-11-24,142.83,7782769097.96
2019-11-25,146.48,10962753356.22
2019-11-26,148.97,7648516297.03
2019-11-27,153.01,8778095307.56
2019-11-28,151.72,7346531960.15
2019-11-29,155.30,7503898278.34
2019-11-30,152.54,6565950867.58
2019-12-01,151.19,7102780297.54
2019-12-02,149.06,6670561362.04
2019-12-03,147.96,6204379850.29
2019-12-04,146.75,7865937093.74
2019-12-05,149.25,6745910228.16
2019-12-06,149.19,6458766440.82
2019-12-07,148.77,5911233283.71
2019-12-08,151.26,6441727251.90
2019-12-09,148.23,6744206747.06
2019-12-10,146.27,6859512024.66
2019-12-11,143.61,7037180048.96
2019-12-12,145.60,7890383412.91
2019-12-13,144.94,7264810247.00
2019-12-14,142.87,7048066972.93
2019-12-15,143.11,7235153410.53
2019-12-16,133.61,8992282118.52
2019-12-17,122.60,9057166141.27
2019-12-18,133.09,11864518320.54
2019-12-19,129.32,9564699140.35
2019-12-20,129.07,8173594150.20
2019-12-21,128.13,7449064703.41
2019-12-22,132.37,9121058480.87
2019-12-23,128.61,9622497692.84
2019-12-24,129.06,7961819689.05
2019-12-25,126.45,8418019053.71
2019-12-26,126.36,8600871979.92
2019-12-27,127.21,8299390175.94
2019-12-28,128.32,8069298610.13
2019-12-29,134.76,9708776785.73
2019-12-30,132.63,9796951715.72
2019-12-31,129.61,8936866396.64
2020-01-01,130.80,7935230330.48
2020-01-02,127.41,8032709256.08
2020-01-03,134.17,10476845358.08
2020-01-04,135.07,7430904515.09
2020-01-05,136.28,7526675353.24
2020-01-06,144.30,9093747120.54
2020-01-07,143.54,9257954671.54
2020-01-08,141.26,9387194956.59
2020-01-09,138.98,7697325347.90
2020-01-10,143.96,9084816202.77
2020-01-11,142.93,9332208590.19
2020-01-12,145.87,8528167453.25
2020-01-13,144.23,8378529469.80
2020-01-14,165.96,16712318373.02
2020-01-15,166.23,15173694057.16
2020-01-16,164.39,13735193017.91
2020-01-17,170.78,14997091825.88
2020-01-18,175.37,14929342255.53
2020-01-19,166.97,13713374132.18
2020-01-20,167.12,11144529787.09
2020-01-21,169.70,9789369362.47
2020-01-22,168.29,9209827927.92
2020-01-23,162.93,10396868698.01
2020-01-24,163.05,10657671161.82
2020-01-25,161.28,8256956801.64
2020-01-26,168.08,9261861589.62
2020-01-27,170.93,11004476145.22
2020-01-28,176.37,11772875063.66
2020-01-29,175.05,10725267310.60
2020-01-30,184.69,12604789338.04
2020-01-31,180.16,11728616393.89
2020-02-01,183.67,11569697182.49
2020-02-02,188.62,14054425388.91
2020-02-03,189.87,12392875241.40
2020-02-04,189.25,11714191695.06
2020-02-05,204.23,14865434434.93
2020-02-06,212.34,16425589682.52
2020-02-07,222.73,16673443564.30
2020-02-08,223.15,16741203125.07
2020-02-09,228.58,15031356241.50
2020-02-10,223.52,16210008511.50
2020-02-11,235.85,16964695963.49
2020-02-12,265.41,24545049385.87
2020-02-13,268.10,25801317504.31
2020-02-14,284.22,23558253462.75
2020-02-15,264.73,23682452994.32
2020-02-16,259.89,25152366643.37
2020-02-17,266.36,26024080088.85
2020-02-18,281.94,26511477187.14
2020-02-19,259.76,22679414412.72
2020-02-20,257.95,23229828870.12
2020-02-21,265.60,20867593292.24
2020-02-22,262.33,16906032861.61
2020-02-23,273.75,19585998813.87
2020-02-24,265.22,22400845640.30
2020-02-25,247.82,21878882134.05
2020-02-26,225.68,26235617201.08
2020-02-27,226.75,25645522789.77
2020-02-28,226.76,22563530559.10
2020-02-29,219.85,18181296376.35
2020-03-01,218.97,18179807469.10
2020-03-02,230.57,20305587789.06
2020-03-03,224.48,19853178572.35
2020-03-04,224.52,16567075208.06
2020-03-05,229.27,18201291785.30
2020-03-06,243.53,19374772256.23
2020-03-07,237.85,19431652027.37
2020-03-08,200.69,21381823651.37
2020-03-09,201.99,23645428606.11
2020-03-10,200.77,18344930072.19
2020-03-11,194.87,16984790291.26
2020-03-12,112.35,22134741654.73
2020-03-13,133.20,27864623060.66
2020-03-14,123.31,12740784545.45
2020-03-15,125.21,12719251812.55
2020-03-16,110.61,15984904589.63
2020-03-17,113.94,12087490572.29
2020-03-18,114.84,11617854008.68
2020-03-19,136.59,16396753275.29
2020-03-20,132.74,18960388062.17
2020-03-21,132.82,13684083307.75
2020-03-22,123.32,12497707223.58
2020-03-23,134.91,14149877968.15
2020-03-24,138.76,14609068673.49
2020-03-25,136.20,13433092919.86
2020-03-26,138.36,11367261176.01
2020-03-27,133.94,11396286629.30
2020-03-28,130.99,12162403960.39
2020-03-29,125.58,9938133668.53
2020-03-30,132.90,11841123306.42
2020-03-31,133.59,11065246316.98
2020-04-01,135.63,12456564434.67
2020-04-02,142.03,15322861686.06
2020-04-03,142.09,13184603401.92
2020-04-04,145.22,11946658256.70
2020-04-05,143.55,11280993590.85
2020-04-06,169.14,21636382525.10
2020-04-07,165.10,21659346091.32
2020-04-08,172.64,17063110836.15
2020-04-09,170.81,14901696210.11
2020-04-10,158.41,17980944615.71
2020-04-11,158.22,13555089447.11
2020-04-12,161.14,15123721385.94
2020-04-13,156.28,16465282132.79
2020-04-14,157.60,14723156630.06
2020-04-15,153.29,14171753736.53
2020-04-16,172.16,22910469235.60
2020-04-17,171.64,16714684265.88
2020-04-18,186.91,20160323443.00
2020-04-19,181.61,19146038381.45
2020-04-20,172.30,21266681335.16
2020-04-21,172.74,16458767984.09
2020-04-22,182.60,17994666394.65
2020-04-23,185.03,21275740032.23
2020-04-24,189.24,16788555028.05
2020-04-25,195.52,18260969748.15
2020-04-26,197.32,18335367011.64
2020-04-27,197.22,18670194594.83
2020-04-28,198.42,18217507467.02
2020-04-29,216.97,26397548759.26
2020-04-30,207.60,28089191904.00
2020-05-01,214.22,20816320833.53
2020-05-02,215.33,18260876092.17
2020-05-03,210.93,20469034664.13
2020-05-04,208.17,22602446421.77
2020-05-05,206.77,19004689099.18
2020-05-06,204.06,20343543799.04
2020-05-07,212.29,23594744655.39
2020-05-08,212.99,20445139356.33
2020-05-09,211.60,18950547549.21
2020-05-10,188.60,25211575192.67
2020-05-11,185.91,20054601646.79
2020-05-12,189.31,15899726283.76
2020-05-13,199.19,17054662288.59
2020-05-14,202.95,20150524860.65
2020-05-15,195.62,16602342092.13
2020-05-16,200.68,15379081644.71
2020-05-17,207.16,15470397302.69
2020-05-18,214.53,17411566927.50
2020-05-19,213.45,14346192778.71
2020-05-20,210.10,12730175510.56
2020-05-21,199.88,13308321228.85
2020-05-22,207.17,12041592113.60
2020-05-23,208.69,10665476767.64
2020-05-24,202.37,11833299571.97
2020-05-25,205.32,10415044123.56
2020-05-26,201.90,10159741290.35
2020-05-27,208.86,10631034756.45
2020-05-28,219.84,12212469603.99
2020-05-29,220.68,12265816557.43
2020-05-30,242.35,15027397866.51
2020-05-31,230.98,12234904813.34
2020-06-01,246.99,13951727936.45
2020-06-02,237.22,13782107566.71
2020-06-03,244.18,9861760817.13
2020-06-04,244.43,10170414303.53
2020-06-05,241.22,9293963913.73
2020-06-06,241.93,8114873844.80
2020-06-07,245.17,9544883157.42
2020-06-08,246.31,8076783298.95
2020-06-09,244.91,8446545787.73
2020-06-10,247.44,8792990205.55
2020-06-11,231.70,12356528860.48
2020-06-12,237.49,8868955009.12
2020-06-13,238.91,7141624979.75
2020-06-14,234.11,7439385176.17
2020-06-15,229.93,10536099884.12
2020-06-16,234.42,7965648016.42
2020-06-17,233.03,7701391591.87
2020-06-18,232.10,6713800871.61
2020-06-19,227.14,6946372589.53
2020-06-20,229.27,6252830565.73
2020-06-21,228.99,5600408177.54
2020-06-22,242.53,9079586552.42
2020-06-23,244.14,6624530348.24
2020-06-24,235.77,8815030024.65
2020-06-25,232.94,7010426122.50
2020-06-26,229.67,7187490225.51
2020-06-27,222.96,6918380954.97
2020-06-28,225.35,6205925718.19
2020-06-29,228.19,6726164653.26
2020-06-30,226.31,6094093001.39
2020-07-01,231.11,6463737442.75
2020-07-02,229.39,6212210566.42
2020-07-03,225.39,5109032700.31
2020-07-04,229.07,5228310135.25
2020-07-05,227.66,5292172428.83
2020-07-06,241.51,8782917552.85
2020-07-07,239.08,6441497597.21
2020-07-08,246.67,9892586411.25
2020-07-09,243.02,8429099198.82
2020-07-10,240.98,7281370521.99
2020-07-11,239.46,5643067315.96
2020-07-12,242.13,6596394717.64
2020-07-13,239.60,7787751467.57
2020-07-14,240.21,7357458554.76
2020-07-15,238.42,6189328448.08
2020-07-16,233.64,5832057567.03
2020-07-17,232.77,5859850528.65
2020-07-18,235.48,5397402116.74
2020-07-19,238.49,6251377304.56
2020-07-20,236.15,5600686192.18
2020-07-21,245.02,6806696014.68
2020-07-22,262.19,7702077382.79
2020-07-23,274.69,10281309261.80
2020-07-24,279.22,9466060358.16
2020-07-25,304.06,10785021812.57
2020-07-26,309.64,12003973025.70
2020-07-27,321.51,15644257058.49
2020-07-28,316.66,12357108064.57
2020-07-29,318.19,10878845706.02
2020-07-30,334.59,11827689045.34
2020-07-31,345.55,12030600491.53
2020-08-01,385.20,14045259476.54
2020-08-02,370.67,18909744275.06
2020-08-03,386.30,12834648062.11
2020-08-04,389.88,14086704220.96
2020-08-05,401.59,12875466638.43
2020-08-06,394.96,11304626458.11
2020-08-07,379.51,12751687083.91
2020-08-08,393.99,9342060531.02
2020-08-09,391.12,9451065592.33
2020-08-10,395.89,11685827893.45
2020-08-11,380.38,12792218736.97
2020-08-12,391.02,12408772745.18
2020-08-13,428.74,18480303525.53
2020-08-14,437.40,15064589987.09
2020-08-15,433.35,12416067894.22
2020-08-16,433.79,12168816874.50
2020-08-17,429.53,13227089409.92
2020-08-18,423.67,11978984078.57
2020-08-19,406.46,13137391166.85
2020-08-20,416.44,10043032427.16
2020-08-21,389.13,11781796374.00
2020-08-22,395.84,10131847985.29
2020-08-23,391.38,8137303969.58
2020-08-24,408.14,10328860398.43
2020-08-25,384.00,12428442042.19
2020-08-26,386.47,9967343483.08
2020-08-27,382.63,10457777651.66
2020-08-28,395.87,9120674421.41
2020-08-29,399.92,8777703480.50
2020-08-30,428.40,11211948040.29
2020-08-31,435.08,12774741797.13
2020-09-01,477.05,18862763755.96
2020-09-02,440.04,19691854013.51
2020-09-03,385.67,19622845896.34
2020-09-04,388.24,16747106257.37
2020-09-05,335.26,29880047640.49
2020-09-06,353.36,27643678916.89
2020-09-07,352.67,21763614731.58
2020-09-08,337.60,17991403431.61
2020-09-09,351.11,14547933520.42
2020-09-10,368.10,31421134556.34
2020-09-11,374.70,27296269328.61
2020-09-12,387.18,13295405814.40
2020-09-13,365.57,15005899191.10
2020-09-14,377.27,17536695360.62
2020-09-15,364.84,16140584321.19
2020-09-16,365.81,16107612177.06
2020-09-17,389.02,19899531080.50
2020-09-18,384.36,14108357740.49
2020-09-19,385.54,11049507683.59
2020-09-20,371.05,12292195784.11
2020-09-21,341.79,17398267133.30
2020-09-22,344.50,12732578043.01
2020-09-23,321.12,12899346599.43
2020-09-24,349.36,15714304469.55
2020-09-25,352.18,14381086966.40
2020-09-26,355.49,13049148578.63
2020-09-27,357.44,13598126926.22
2020-09-28,355.16,14258455166.17
2020-09-29,359.76,11600013236.40
2020-09-30,359.94,11818610609.91
2020-10-01,353.21,14679481910.90
2020-10-02,346.24,14215390462.62
2020-10-03,346.52,10060167888.73
2020-10-04,352.58,10696959019.87
2020-10-05,353.96,11809507621.82
2020-10-06,340.82,12830796111.97
2020-10-07,341.81,11929918060.02
2020-10-08,350.77,13461017711.46
2020-10-09,365.59,13043501762.91
2020-10-10,370.97,13618484323.70
2020-10-11,375.14,12584512533.00
2020-10-12,387.73,15867455423.69
2020-10-13,381.19,14226744837.67
2020-10-14,379.48,13918846566.59
2020-10-15,377.44,14964182545.50
2020-10-16,366.23,14670784817.43
2020-10-17,368.86,10951115359.49
2020-10-18,378.21,11047103109.42
2020-10-19,379.94,12811242091.79
2020-10-20,369.14,13741586581.76
2020-10-21,392.19,20241324322.32
2020-10-22,413.77,15772846484.71
2020-10-23,409.77,14256222051.85
2020-10-24,412.46,12201739193.97
2020-10-25,406.22,10890207469.02
2020-10-26,393.89,15155684229.20
2020-10-27,404.00,13940434101.86
2020-10-28,388.65,15276441134.25
2020-10-29,386.73,12920477749.40
2020-10-30,382.82,13688056969.67
2020-10-31,386.59,11276963425.95
2020-11-01,396.36,10475146018.40
2020-11-02,383.16,13997574252.23
2020-11-03,387.60,12588494762.18
2020-11-04,402.14,15126077675.48
2020-11-05,414.07,15440711037.68
2020-11-06,454.72,16738305610.45
2020-11-07,435.71,18873289788.27
2020-11-08,453.55,11292383601.23
2020-11-09,444.16,13704320629.67
2020-11-10,449.68,12090381666.30
2020-11-11,462.96,14075403511.08
2020-11-12,461.01,12877327233.68
2020-11-13,474.63,13191505724.74
2020-11-14,460.15,10312037942.27
2020-11-15,447.56,10308617164.81
2020-11-16,459.94,11441239444.33
2020-11-17,480.36,14593057876.60
2020-11-18,479.48,17880199224.07
2020-11-19,471.63,12473929217.90
2020-11-20,509.74,18629943296.20
2020-11-21,549.49,20757099183.91
2020-11-22,558.07,21967049601.05
2020-11-23,608.45,27272302871.86
2020-11-24,603.90,23281758099.84
2020-11-25,570.69,20088492892.58
2020-11-26,518.80,31104004592.48
2020-11-27,517.49,16831105702.97
2020-11-28,538.23,14770243833.19
2020-11-29,575.76,15017517758.17
2020-11-30,614.84,20276867832.97
2020-12-01,587.32,27178964464.90
2020-12-02,598.35,16883292129.41
2020-12-03,616.71,16146190946.43
2020-12-04,569.35,16337589996.90
2020-12-05,596.60,13498010566.22
2020-12-06,601.91,11290893016.09
2020-12-07,591.84,10720480961.53
2020-12-08,554.83,14398919320.07
2020-12-09,573.48,15855915839.91
2020-12-10,559.68,11672582039.83
2020-12-11,545.80,11098819124.36
2020-12-12,568.57,8534557897.35
2020-12-13,589.66,9070377861.78
2020-12-14,586.01,8125837101.54
2020-12-15,589.36,9326645839.95
2020-12-16,636.18,15817248372.94
2020-12-17,642.87,25479532147.20
2020-12-18,654.81,15756303982.87
2020-12-19,659.30,12830893777.76
2020-12-20,638.29,13375855441.56
2020-12-21,609.82,14419493620.66
2020-12-22,634.85,14745890080.16
2020-12-23,583.71,15261413038.26
2020-12-24,611.61,14317413702.73
2020-12-25,626.41,13520927699.53
2020-12-26,635.84,14761125202.37
2020-12-27,682.64,26093552820.75
2020-12-28,730.40,24222565862.36
2020-12-29,731.52,18710683199.36
2020-12-30,751.62,17294574209.51
2020-12-31,737.80,13926846860.64
2021-01-01,730.37,13652004358.41
2021-01-02,774.53,19740771179.24
2021-01-03,975.51,45200463368.21
2021-01-04,1040.23,56945985762.69
2021-01-05,1100.01,41535932781.27
2021-01-06,1207.11,44699914188.33
2021-01-07,1225.68,40468027279.67
2021-01-08,1224.20,44334826666.29
2021-01-09,1281.08,33233105360.85
2021-01-10,1262.25,40616938052.61
2021-01-11,1090.15,60733630300.41
2021-01-12,1043.43,37494601691.60
2021-01-13,1130.74,30109792795.21
2021-01-14,1218.45,33410915928.96
2021-01-15,1171.83,35972039309.64
2021-01-16,1233.54,32319240157.31
2021-01-17,1230.17,29258032819.26
2021-01-18,1257.28,25817455559.91
2021-01-19,1377.30,47195935190.08
2021-01-20,1382.27,46784030909.23
2021-01-21,1121.57,45932464754.21
2021-01-22,1236.51,43918338506.41
2021-01-23,1230.99,27253895441.49
2021-01-24,1391.61,36418163553.77
2021-01-25,1324.41,43565777745.19
2021-01-26,1357.06,41572917750.46
2021-01-27,1253.19,39394416989.54
2021-01-28,1332.49,34637234789.36
2021-01-29,1382.52,53611955258.83
2021-01-30,1376.12,30616574234.27
2021-01-31,1314.99,25198853580.84
2021-02-01,1369.04,29210670919.95
2021-02-02,1515.19,45437142800.95
2021-02-03,1660.91,41874566399.41
2021-02-04,1594.76,44396871835.92
2021-02-05,1718.65,40108628453.57
2021-02-06,1677.85,39873420647.74
2021-02-07,1614.23,39889440150.91
2021-02-08,1746.62,48012285955.92
2021-02-09,1768.04,44180727528.56
2021-02-10,1744.24,41916084617.36
2021-02-11,1783.80,36021495261.76
2021-02-12,1843.53,37905036865.18
2021-02-13,1814.11,35359490534.52
2021-02-14,1805.08,31439114899.57
2021-02-15,1779.79,38955610883.41
2021-02-16,1781.07,34269369268.19
2021-02-17,1848.46,35955412703.36
2021-02-18,1937.45,28255902968.57
2021-02-19,1960.16,26268814252.82
2021-02-20,1919.53,34696091102.23
2021-02-21,1935.60,23626547717.45
2021-02-22,1781.99,42409646035.86
2021-02-23,1570.20,52029864712.80
2021-02-24,1626.58,31329000537.33
2021-02-25,1475.70,24481681872.94
2021-02-26,1446.03,31435997880.72
2021-02-27,1459.97,20742103232.83
2021-02-28,1416.05,27637026080.32
2021-03-01,1564.71,24032838645.35
2021-03-02,1492.61,22523669721.96
2021-03-03,1575.85,22674780680.02
2021-03-04,1541.91,22906118717.50
2021-03-05,1533.27,21067146936.62
2021-03-06,1654.74,22746262366.33
2021-03-07,1723.15,23809935410.13
2021-03-08,1834.73,27630991157.89
2021-03-09,1868.05,23461244507.45
2021-03-10,1799.17,25154173185.07
2021-03-11,1826.19,24013132909.37
2021-03-12,1772.10,22435821312.49
2021-03-13,1924.69,25014689475.38
2021-03-14,1854.56,19344589210.88
2021-03-15,1791.70,26244738809.78
2021-03-16,1806.97,23828509589.87
2021-03-17,1823.45,24512917348.17
2021-03-18,1782.86,23263845503.55
2021-03-19,1817.62,21249297710.05
2021-03-20,1812.63,22677674970.21
2021-03-21,1788.22,22977404620.40
2021-03-22,1691.33,23599296128.83
2021-03-23,1678.65,21998237965.46
2021-03-24,1593.41,31228051472.90
2021-03-25,1595.36,29650328700.52
2021-03-26,1702.84,22548516548.46
2021-03-27,1716.49,18102277710.20
2021-03-28,1691.36,16599472937.88
2021-03-29,1819.68,22796570547.55
2021-03-30,1846.03,22512781703.33
2021-03-31,1918.36,30226902620.88
2021-04-01,1977.28,30914259795.49
2021-04-02,2143.23,34862511022.26
2021-04-03,2028.42,32011518870.67
2021-04-04,2093.12,26006501901.85
2021-04-05,2107.89,28889391170.41
2021-04-06,2118.38,29222865881.10
2021-04-07,1971.08,36116271935.34
2021-04-08,2088.57,25312956528.95
2021-04-09,2072.11,19812472091.89
2021-04-10,2135.94,24986243611.44
2021-04-11,2157.66,19692836132.10
2021-04-12,2139.35,21727936609.45
2021-04-13,2299.19,29456642939.44
2021-04-14,2435.11,35592822986.38
2021-04-15,2519.12,32325606817.20
2021-04-16,2431.95,36196928256.13
2021-04-17,2344.89,32349808977.72
2021-04-18,2237.14,50696368717.74
2021-04-19,2166.19,34060654971.43
2021-04-20,2330.21,39433483315.46
2021-04-21,2364.75,38899067643.43
2021-04-22,2403.54,53575904723.67
2021-04-23,2363.59,55413933925.00
2021-04-24,2211.63,31854226935.79
2021-04-25,2316.06,31814355546.06
2021-04-26,2534.48,35208325408.13
2021-04-27,2662.87,32275969214.68
2021-04-28,2746.38,34269031076.26
2021-04-29,2756.88,32578127989.62
2021-04-30,2773.21,29777179888.68
2021-05-01,2945.89,28726205271.99
2021-05-02,2952.06,28032013046.65
2021-05-03,3431.09,49174290211.70
2021-05-04,3253.63,62402045157.94
2021-05-05,3522.78,48334198382.53
2021-05-06,3490.88,44300394787.61
2021-05-07,3484.73,39607240514.89
2021-05-08,3902.65,50208491286.48
2021-05-09,3928.84,50568290277.97
2021-05-10,3952.29,62691789006.63
2021-05-11,4168.70,52679737865.42
2021-05-12,3785.85,69023382175.45
2021-05-13,3715.15,78398214538.75
2021-05-14,4079.06,48174271215.31
2021-05-15,3638.12,42422321751.05
2021-05-16,3587.51,47359478733.83
